ID_Empresa,Nit_Empresa,Nombre_Empresa,Direccion_Empresa,Sector_Empresa,Correo_Empresa,ID_Proyecto,Nombre_Proyecto,Descripcion_Proyecto,Fecha_Inicio_Proyecto,Fecha_Finalizacion_Proyecto,Id_Empresa_Proyecto,Estado_Proyecto,ID_M_Pago,Nombre_M_Pago,Descripcion_M_Pago,Estado_M_Pago,ID_Factura,Fecha_Factura,Valor_Factura,Id_M_Pago_Factura,ID_T_Servicio,Nombre_T_Servicio,Descripcion_T_Servicio,Estado_T_Servicio,ID_Consultoria,Id_Factura_Consultoria,Id_T_Servicio_Consultoria,Estado_Consultoria,ID_CONS_EMP,id_Consultoria_CONS_EMP,id_Empresa_CONS_EMP,ID_Consultor,Nombre_Consultor,Telefono_Consultor,Correo_Consultor,Area_Especializacion_Consultor,ESTADO_Consultor,ID_CONS_CONS,Id_Consultoria_CONS_CONS,Id_Consultor_CONS_CONS
1,11111,Empresa 1,Dirección 1,Sector 1,correo1@example.com,1,Proyecto 1,Descripción 1,2023-01-01,2023-01-01,1,True,1,Método 1,Descripción 1,True,1,2023-01-01,100,1,1,Tipo de servicio 1,Descripción 1,True,1,1,1,True,1,1,1,1,Consultor 1,1111111,area1@prueba.com,Area 1,True,1,1,1
2,22222,Empresa 2,Dirección 2,Sector 2,correo2@example.com,2,Proyecto 2,Descripción 2,2023-01-02,2023-01-02,2,False,2,Método 2,Descripción 2,False,2,2023-01-02,200,2,2,Tipo de servicio 2,Descripción 2,False,2,2,2,False,2,2,2,2,Consultor 2,1111112,area1@prueba.com,Area 2,True,2,2,2
3,33333,Empresa 3,Dirección 3,Sector 3,correo3@example.com,3,Proyecto 3,Descripción 3,2023-01-03,2023-01-03,3,True,3,Método 3,Descripción 3,True,3,2023-01-03,300,3,3,Tipo de servicio 3,Descripción 3,True,3,3,3,True,3,3,3,3,Consultor 3,1111113,area1@prueba.com,Area 3,True,3,3,3
4,44444,Empresa 4,Dirección 4,Sector 4,correo4@example.com,4,Proyecto 4,Descripción 4,2023-01-04,2023-01-04,4,False,4,Método 4,Descripción 4,False,4,2023-01-04,400,4,4,Tipo de servicio 4,Descripción 4,False,4,4,4,False,4,4,4,4,Consultor 4,1111114,area1@prueba.com,Area 4,True,4,4,4
5,55555,Empresa 5,Dirección 5,Sector 5,correo5@example.com,5,Proyecto 5,Descripción 5,2023-01-05,2023-01-05,5,True,5,Método 5,Descripción 5,True,5,2023-01-05,500,5,5,Tipo de servicio 5,Descripción 5,True,5,5,5,True,5,5,5,5,Consultor 5,1111115,area1@prueba.com,Area 5,True,5,5,5
6,66666,Empresa 6,Dirección 6,Sector 6,correo6@example.com,6,Proyecto 6,Descripción 6,2023-01-06,2023-01-06,6,False,6,Método 6,Descripción 6,False,6,2023-01-06,600,6,6,Tipo de servicio 6,Descripción 6,False,6,6,6,False,6,6,6,6,Consultor 6,1111116,area1@prueba.com,Area 6,True,6,6,6
7,77777,Empresa 7,Dirección 7,Sector 7,correo7@example.com,7,Proyecto 7,Descripción 7,2023-01-07,2023-01-07,7,True,7,Método 7,Descripción 7,True,7,2023-01-07,700,7,7,Tipo de servicio 7,Descripción 7,True,7,7,7,True,7,7,7,7,Consultor 7,1111117,area1@prueba.com,Area 7,True,7,7,7
8,88888,Empresa 8,Dirección 8,Sector 8,correo8@example.com,8,Proyecto 8,Descripción 8,2023-01-08,2023-01-08,8,False,8,Método 8,Descripción 8,False,8,2023-01-08,800,8,8,Tipo de servicio 8,Descripción 8,False,8,8,8,False,8,8,8,8,Consultor 8,1111118,area1@prueba.com,Area 8,True,8,8,8
9,99999,Empresa 9,Dirección 9,Sector 9,correo9@example.com,9,Proyecto 9,Descripción 9,2023-01-09,2023-01-09,9,True,9,Método 9,Descripción 9,True,9,2023-01-09,900,9,9,Tipo de servicio 9,Descripción 9,True,9,9,9,True,9,9,9,9,Consultor 9,1111119,area1@prueba.com,Area 9,True,9,9,9
10,111110,Empresa 10,Dirección 10,Sector 10,correo10@example.com,10,Proyecto 10,Descripción 10,2023-01-10,2023-01-10,10,False,10,Método 10,Descripción 10,False,10,2023-01-10,1000,10,10,Tipo de servicio 10,Descripción 10,False,10,10,10,False,10,10,10,10,Consultor 10,1111120,area1@prueba.com,Area 10,True,10,10,10
11,122221,Empresa 11,Dirección 11,Sector 11,correo11@example.com,11,Proyecto 11,Descripción 11,2023-01-11,2023-01-11,11,True,11,Método 11,Descripción 11,True,11,2023-01-11,1100,11,11,Tipo de servicio 11,Descripción 11,True,11,11,11,True,11,11,11,11,Consultor 11,1111121,area1@prueba.com,Area 11,True,11,11,11
12,133332,Empresa 12,Dirección 12,Sector 12,correo12@example.com,12,Proyecto 12,Descripción 12,2023-01-12,2023-01-12,12,False,12,Método 12,Descripción 12,False,12,2023-01-12,1200,12,12,Tipo de servicio 12,Descripción 12,False,12,12,12,False,12,12,12,12,Consultor 12,1111122,area1@prueba.com,Area 12,True,12,12,12
13,144443,Empresa 13,Dirección 13,Sector 13,correo13@example.com,13,Proyecto 13,Descripción 13,2023-01-13,2023-01-13,13,True,13,Método 13,Descripción 13,True,13,2023-01-13,1300,13,13,Tipo de servicio 13,Descripción 13,True,13,13,13,True,13,13,13,13,Consultor 13,1111123,area1@prueba.com,Area 13,True,13,13,13
14,155554,Empresa 14,Dirección 14,Sector 14,correo14@example.com,14,Proyecto 14,Descripción 14,2023-01-14,2023-01-14,14,False,14,Método 14,Descripción 14,False,14,2023-01-14,1400,14,14,Tipo de servicio 14,Descripción 14,False,14,14,14,False,14,14,14,14,Consultor 14,1111124,area1@prueba.com,Area 14,True,14,14,14
15,166665,Empresa 15,Dirección 15,Sector 15,correo15@example.com,15,Proyecto 15,Descripción 15,2023-01-15,2023-01-15,15,True,15,Método 15,Descripción 15,True,15,2023-01-15,1500,15,15,Tipo de servicio 15,Descripción 15,True,15,15,15,True,15,15,15,15,Consultor 15,1111125,area1@prueba.com,Area 15,True,15,15,15
16,177776,Empresa 16,Dirección 16,Sector 16,correo16@example.com,16,Proyecto 16,Descripción 16,2023-01-16,2023-01-16,16,False,16,Método 16,Descripción 16,False,16,2023-01-16,1600,16,16,Tipo de servicio 16,Descripción 16,False,16,16,16,False,16,16,16,16,Consultor 16,1111126,area1@prueba.com,Area 16,True,16,16,16
17,188887,Empresa 17,Dirección 17,Sector 17,correo17@example.com,17,Proyecto 17,Descripción 17,2023-01-17,2023-01-17,17,True,17,Método 17,Descripción 17,True,17,2023-01-17,1700,17,17,Tipo de servicio 17,Descripción 17,True,17,17,17,True,17,17,17,17,Consultor 17,1111127,area1@prueba.com,Area 17,True,17,17,17
18,199998,Empresa 18,Dirección 18,Sector 18,correo18@example.com,18,Proyecto 18,Descripción 18,2023-01-18,2023-01-18,18,False,18,Método 18,Descripción 18,False,18,2023-01-18,1800,18,18,Tipo de servicio 18,Descripción 18,False,18,18,18,False,18,18,18,18,Consultor 18,1111128,area1@prueba.com,Area 18,True,18,18,18
19,211109,Empresa 19,Dirección 19,Sector 19,correo19@example.com,19,Proyecto 19,Descripción 19,2023-01-19,2023-01-19,19,True,19,Método 19,Descripción 19,True,19,2023-01-19,1900,19,19,Tipo de servicio 19,Descripción 19,True,19,19,19,True,19,19,19,19,Consultor 19,1111129,area1@prueba.com,Area 19,True,19,19,19
20,222220,Empresa 20,Dirección 20,Sector 20,correo20@example.com,20,Proyecto 20,Descripción 20,2023-01-20,2023-01-20,20,False,20,Método 20,Descripción 20,False,20,2023-01-20,2000,20,20,Tipo de servicio 20,Descripción 20,False,20,20,20,False,20,20,20,20,Consultor 20,1111130,area1@prueba.com,Area 20,True,20,20,20
